,Text
0,tempat bagus kotor limbah tebu buang area bau sedap cium area bersih senang habis
1,pandang indah adem suasanyanya pinggir laut cuman air terjunya musim hujan
2,wisata keren rekomendasi banget kunjung kuliner es degan bner 2 move hidup mantan
3,mantap viewnya bagus banget asri air terjun langsung pantai
4,pandang bagus tempat nyaman sayang alir air terjun sampah sampah plastik sera alangkah kelola bersih sampah sampah pandang
5,25 10 2021 tiket masuk 5rb orang anak 2 gratis batu karang nya air air terjun keruh
6,07 november 2020 unik air terjun pinggir laut saran lihat air bagus jernih kunjung pas musim
7,tempat nyaman leseh makan lumayan menu saji pinggir laut pandang santap hidang
8,2 6 21 pandang bagus madu air terjun laut harga tiket masuk murah 5k orang awat kembang sampah harga parkir mahal ukur wisata obyek 5k motor r2 sila lupa suka
9,lumayan salah destinasi favorit hunting foto landscape pulau madura
10,wisata air terjun toro air sungai langsung terjun laut tempat awat bagus lihat tiket 5k orang salam dr jember moga depa keren dah air terjun toro
11,patut coba alami masuk info tugas air musin kemarau suka debit air terjun
12,tempat bagus air terjun atas rest area parkir 5rb masuk 5rb
13,kondisi hujan air coklat
14,pulau madura obyek wisata air terjun pikir madura obyek wisata bukit kapur pantai madura obyek wisata takjub salah satu air terjun toro
15,sengkok oreng ketapang cong dus nodusih rekomendasi
16,air terjun toro bagus air terjun jatuh langsung laut pandang indah nikmat air terjun nikmat indah laut lepas spot foto bagus jadi
17,sumenep air terjun utara 2 butuh juang lewat hutan 2 sepi bukit jalan lubang ketapang malan nginap spbu 2nya homestay sdh full pagi 2 air
18,jarang jarang air terjun pinggir pantai nih reccomend banget emang sabar jalan
19,air terjun toro letak kabupaten sampang air terjun pandang lumayan bagus matahari tenggelam jalan lokasi medan lancar air terjun toro boleh mandi sdh tel korban jiwa kemah
20,pas nyampe sana pandang kalender mah wkwk lihat aja foto 2 nya keren salah air terjun air langsung diterusin laut waw hati 2 renang takut seret laut laut pasang worth banget air tenang bening kayak kristal
21,lokasi pinggir jalan pantura madura mudah jangkau kali pandang laut biru sambut air terjun toro milik uni hadap langsung laut lokasi air terjun
22,pandang bagus bersih lumayan bagus smg tingkat dg fasilitas bagus saing dg wisata
23,melipir air terjun toro salah air terjun indah madura unik air terjun langsung alir laut utara jawa lihat sunset pantai identik pasir toro
24,tempat bagus tolong spot spot foto air terjun taman main anak rekomendasi
25,bayar parkir 5 ribu warung 2 sambut toilet saran mandi air terjun pas kategori dalaaam bahaya karang 2 nya tajam 2 bwt gkbs renang kpingin mandi mending pantai
26,kesana pas air deres banget keren bagus pandang
27,pandang air terjun ragu air terjun tinggi meter jalan sebentar parkir air terjun langsung butuh treking
28,nya bagus pantai air terjun nya biaya masuk 5 000 orang parkir motor 5 000 kesana enak pagi pas air surut foto spot bagus
29,suasana nyaman kota sampang butuh jam 3 air terjun 1 lebar 2 rekom teman teman daerah sampang maja mata foto ambil siang eh iya harga parkir nya standar
30,bagus jalan parkir biaya masuk murah 10rb 1 mobil parkir panas teduh
31,bagus view sanggup naek turun tangga sih diexplore banget letak jalur utara madura banget sepi tempat
32,super keren twmpat air terjun langsung laut lepas masuk gratis cma bayar uang parkir motor 5000 aja
33,sngat strategis belah jalan raya pandang bagus pagi sore desain cafe cantik dinding tangga cerah 2
34,keren banget sih sore hasil foto keren masuk bayar parkir aja air terjun turun aja parkir parkir jual makan minum leseh langsung view arah pantai
35,rugi dtg jalan nya enak akses masuk air terjun jalan enak air terjun bagus
36,restoran harga murah pas aja poin 7 hati 2 lokasi air terjun jalan licin dusim hujan
37,air terjun toro satu air terjun madura sumber mata air alami langsung turun laut lokasi air terjun desa ketapang timur camat ketapang kabupaten sampang madura lokasi pinggir jalan mudah wisatawan kunjung
38,lokasi 80 km jembatan suramadu jalan lumayan bagus sepi trlalu bosen jalan lokasi langsung parkir pungut biaya masuk lokasi air
39,bagus air terjun alami suasana adem
40,bagus bagus pas habis hujan jalan licin hati hati ya man teman warung parkir lumayan luas
41,air terjun bagus fotografi cman bagus main air tempat batu air jernih fasilitas benah toilet restoran kecil sedia motret nongkrong makan
42,pandang indah cocok orang orang kota libur air terjun biaya murah
43,alhamdulillah puji allah tuhan tunggal esa dipingir sampah urus mungut biaya masuk sih sampah
44,air terjun toro lengkap fasilitas musholla toilet warung makan kadang buka kadang tutup mudah jalan raya wisata alami kena parkir r4 10 000 r2 5000 parkir luas nyaman
45,habis hujan air keruh
46,bagus banget
47,air terjun aja letak langsung jatuh pantai bikin orang penasaran makan minum toilet mushola sih bentuk gardu jaga mesti mushollanya ibadah nyaman
48,kali unjung pulau madura keliling melipir jalur pantura mengexplore obyek wisata mengexplore bangkal sumenep pulau juju kawan kawan jawa rasa
49,pantura madura lengkap mampir air terjun toro tepat ketapang timur kabupaten sampang air terjun langsung jatuh laut satu madura rest area parkir rumah makan toilet
50,akses jalan mudah bayar parkir aja 5000 tempat bersih bagus cocok foto 2 adem banget dideketnya air terjun sia 2 2 ig
51,air terjun indah langsung jatuh tepi pantai utara pulau madura
52,kelola gratis kelola cafe 2 toilet parkir mushola
53,air terjun turoan air terjun arah langsung pantai fasilitas lengkap mushola parkir luas sayang renang area air terjun lumayan libur nikmat alam
54,tempat bagus sejuk masuk gratis bayar parkir 5rb cobain foto air terjun lihat pandang lokasi deket toilet
55,air terjun muara sungai curam
56,wisata asik sederhana bagus selfi foto harga tiket masuk cuman 3000
57,nya nayam sejuk bagus foto keluarga hujan laut nya sampah rusak pandang mata
58,lokasi cocok bangrt libur keluarga spot bagus abadi momen senja silah follow ig bonus follback
59,air terjun keren air langsung jatuh pinggir pantai pantai lumayan bersih akses gratis bayar parkir aja motor 5rb makan
60,air terjun langsung laut laut bersih sampah bagus foto foto
61,air terjun toro kct ketapang kbt sampang madura nya bagus kunjung turns jagat raya att air nya satu air laut samudera air
62,tempat nyaman spot foto nya parkir mobil masuk turun tangga kaya destinasi wisata yaaa
63,air terjun bagus spot foto keren
64,tarik hati pandang bikin libur keluarga kesan
65,tarik senang makan leseh dar istirahat isi perut dg pandang pantai sip
66,air terjun bagus banget air ngalir langsung pantai suguh warna air terjun bikin gapengen pulang sana sedia makan nyaman banget lihat pandang makan bagus deh pokok explore indonesia cantik
67,bayar panorama indah gabung air jung pantai manja mata
68,air terjun indah lokasi jalur pantura bangkal sumenep
69,lumayan laah bridge air terjun nya
70,viewnya bagus tempat nyaman family makan enaak
71,viewnya asyiik air terjun langsung laut banyak air terjun gunung naah laut
72,air terjun tarik daerah sampang air segar mandi ya nyaman wisata duduk minim
73,pantai bagus makan air terjun laut
74,air terjun nya awat sampah sera
75,bagus banget cocok banget spot foto santai lihat laut
76,salah andal destinasi wisata kab sampang pandang unik tengah laut air terjun sungai kec sakobanah
77,baik pasang surut musim hujan air keruh
78,lumayan bagus lokasi wisata
79,bagus air terjun langsung pantai poles kasih spot 2 ambil foto
80,kelola dg rujuan wisata hasil gambar ambil pribadi bwrkunjung
81,air terjun langsung muara laut hubung
82,2 5 jam surabaya leat jalur pantura madura jalan aspal halus bagus bagus renang mandi sana bahaya foto foto lihat 2 bagus cafe musholla kamar mandi parkir
83,pantau
84,air terjun indah pandang laut bagus pokok kecewa kesana
85,tempat bagus 2 jam jembatan suramadu kota bangkal
86,pas alir air terjun deres banget musim hujan
87,air terjun alir langsung laut kesana sampah pinggir laut moga barokah wali
88,nyaman nikmat sunset
89,cocok refreshing piknik tour keluarga
90,lokasi mudah jangkau pandang indah
91,bagus scenery air terjun langsung muara laut gag kecewa
92,gosok
93,air terjun cantik nikmat sunset air terjun
94,pandang bagus akses mudah tepi jalan
95,suasana sore panas mata nyaman pandang salah saty cipta allah indah
96,air nya hijau biru bagus kotor ya tetep bagus
97,kali panas sih bayar air terjun hadap laut lepas
98,satu air terjun madura air terjun sungai langsung laut bagus banget kuliner mantap rekomendasi ikan bakar kembung maknyus
99,bagus cuman bersih lingkung
100,s oke spot 2 foto atas air terjun spot foto batas
101,indah istimewa air terjun
102,bagus potensi alam pengololaannya maksimal bas mandiri
103,seru banget picu adrenaline ambil gambar dr air terjun
104,parkir luas air terjun alami
105,bagus air terjun dg pantai bagus air terjun nya deras pantai surut
106,indah bersih jaga
107,lokasi x pinggir jalan gampang cari singgah bentar nikmat suasana air terjun jatuh tepi pantai
108,air keruh musim hujan volume air takut
109,pandang alam bagus murah riah pas banget libur madura
110,bagus baik sampah mari kurang guna plastik thanks
111,parkir luas mending sore senja sore sungguh pandang nya
112,salah uni air terjun langsung alir laut indah manja mata salah wisata unit andal kabupaten sampang madura jarang temu
113,pas musim kemarau biar licin
114,santai kelurga kerabat nuasa alam indah pandang
115,wisata dg panorama pemandanganyg indah air terjun muara bibir pantai utara pulau madura cocok tuju wisata keluarga
116,pasti mo pas air pasang keren
117,tenang indah cocok couple hehehe bawa keluarga libur ikan bakar indah dunia
118,kelola wisata nya ramah tempat sejuk
119,pandang bagus santai keluarga
120,air terjun langsung jatuh pantai
121,air terjun langsung turun laut luas
122,wisata bagus pantai utara madura
123,ambil foto wisata air terjun toro
124,bagus spot foto 2 pinggir laut air terjun bersih lengkap makan karcis murah 5k
125,tempat bagus tarik kunjung wisatawan
126,dasar hasil wawancara warga air terjun toro simpan kisah suami istri sakti sayyid abdullah siti marwah buju panyeppen sang istri makam sang suami
127,tiket masuk murah 5 ribu pantai bagus air terjun manambah panoroma langka jarang air jung pantai kisar 50m pantai pantai batu karang bagus selfi
128,tiket masuk bayar parkir afa kuliner
129,air terjun indah lgs laut lengkap fasilitas rumah makan leseh
130,karen air terjun langsung nyatu laut
131,bagus bayar parkir 5k
132,lokasi jangkau dr area parkir nyaman keluarga
133,ajibbb pantai air terjun
134,indah cocok banget wisatawan manja mata pandang indah air terjun beda gunung tepi pantai
135,enak istirahat sebentar pemandanganx lumayan bagus murah riah
136,nya bagus indah memuaakan
137,kelola lokasi
138,air terjun langsung arah laut
139,nya bagus air terjun langsung laut
140,makan ikan bakar enak pinggir jalan hadap pantai
141,wisata alam kelola alami warga lokasi pinggir jalan pentunjuk mudah air terjun langsung laut foto turun tangga pinggir laut
142,benah sana mudah unjung lokasi maju
143,tempat bagus parkir luas
144,air terjun bagus langsung turun laut pandang double air terjun laut air terjun parkir luas khawatir kesana mobil
145,tempat bagus cocok wisata keluarga
146,air terjun toro pinggir laut utara pulau madura kota ketapang kabupaten sampang
147,air terjun wisata indah pulau madura utara tempat tarik wisatawan foto
148,bagus indah
149,wajib lihat tuk dukung destinasi wisata alam kota sampang ayoo main kesana
150,sungguh indah cinptaan mu ya allah
151,sunset nya tawan nanti lokasi jalan raya mudah jangkau 50km jembatan suramadu siap bekal fisik jalan
152,pandang bagus cocok spot foto
153,pilih piknik murah riah
154,bagus viewnya tulis toro nya air terjun untuj fotografer capture air terjun ganggu icon tulis toilet sedia
155,rame cari kuliner seru air terjun pasang kayak saran mandi air terjun bayar parkir kendara lahan parkir luas bias motor mobil bus pariwisata
156,air terjun pinggir pantai spot wajib landscaper longexposure mania
157,indah
158,harga masuk akal ikan kerapu enak
159,air terjun sampang madura udara air terjun langsung muara laut laut jawa air terjun 5 7 meter atas muka air laut airny biru hijau
160,wisata cocok suka foto foto refreshing
161,air terjun unik alir air langsung laut wisata 2 in 1 air terjun nikmat pantai nilai air terjun letak jalan raya
162,tukang parkir malak dalih titip helm helm hilang resiko diringkes tukang parkir taruh pos titip bayar 2500 mala modus titip paksa kecewa
163,salah kesana tempat bagus ekspektasi sana saran main air dar objek foto
164,cocok bercengkrama kuliner keluarga
165,air terjun langsung pantai takjub kereen
166,jalur utara pulau madura air terjun bentuk salur irigasi sawah warga saran main air air terjun air terjun jelang matahari benam
167,air terjun toro adalan wisata alam madura bagus sentuh tangan pofesional investor kembang bagus
168,emang s alami sbagus ttp eksotik nyaman santa tiket masuk 5 rb ribu lokasi air terjun
169,baguuss banget asliiik ky poto kalender pakai background air terjun ini air terjun samping lautt masuk gratis makan bbrp spot foto
170,air terjun toro tepi jalan raya akses kesana mudah cepat turun langsung air terjun tepi pantai suasana nyaman dingin
171,kennengennah nyaman cellep
172,wisata air terjun jatohnya lngsung pantai dpet 2 wisata waterfall pantai parkir mobil 10 rbu karcis masuk inget krcis masuk
173,foto nya kotor sampah nya sampah bakar jalan evaluasi
174,arah timur ketapang daya dekat ketapang timur letak geografis mumpuni travellers pergi air terjun mudah jalan masyarakat sekitar
175,renang air terjun toro pasti renang arah pantai palung tel korban langgar atur tulis area pantai
176,nya indah cocok santai air terjun tepi pantai inda jelang sore selatan pantai sore matahari persis belah barat
177,lokasi pinggir jalan gampang cari gratis htm cuman bayar parkir aja enak dar foto santai an keluarga lengkap warung leseh musholla parkir
178,destinasi wisata air terjun langsung laut lokasi tarik rekomendasi banget keluarga cinta
179,kelola segi fasilitas tunjang unjung tarik kunjung kali kondisi aja malas
180,air terjun main pasir utuh keruk sisa batu karang
181,lelah cinta indonesia
182,wisata air terjun letak samping jl ketapang sampang
183,spot foto tiket masuk hny bayar parkir mobil 10rb motor 5rb musholla toilet
184,pandang sungguh bagus
185,bagus si tingkat
186,satu air terjun kabupaten sampang pulau madura parkir buka pagi sore diri tenda spot sunset jual makan sana
187,air terjun toro air terjun langsung temu pantai anda tambang pasir pantai toro airterjun nya pariwisata bagus pulau madura sayang air terjun pantai habis pasir sd aku pantai toro bagus
188,sunset kayak bagus
189,bagus bersih
190,akses sana susah syg jalannua jelek sempit malam 2 gelap lampu
191,bagus
192,wisata ait terjun toro keren madura
193,tempat asyik alami akses masuk mudah pinggir jalan tlg hati hati bawa lansia turun tangga kuliner mantap
194,air terjun toro wisata wajib kunjung wisatawan lokasi bahaya air terjun sayang air terjun toro kenal masyarakat air terjun toro tarik
195,wisata bagus alami sentuh tarik wisatawan
196,bagus tarik sayang sampah pantai air terjun
197,salah satuari terjun madura pesisir pantai utara jarak 45 km pusat kota sampang tawar indah air terjun 3m langsung muara laut lepas papar laut utara pesona waisatawan nikmat sunrise pagi sunset sore
198,walopun prjlnn sgt tmpat kunjung pesona air terjun toro langsung laut pokok karunia allah luat sempurna
199,tempat lumayan bagus cocok banget foto long exposure rekomendasi baik sore
200,pantai air terjun bagus banget pokok
201,destinasi wisata nya bagus banged mohon hati hati ya guys unjung boleh mandi alas jaga alam utuh bagus selamat kunjung
202,baik sunrise sunset
203,bagus gimana jalan awat sarana foto venue jembatan buat latar mandi cuci
204,wisata bagus bersih terkoordiner
205,parkir rute toro gampang
206,air terjun langsng turun laut
207,pandang eksotis pinggir laut
208,masuk daftar kunjung madura jarang air terjun langsung laut bagus nikmat sore nikmat matahari tenggelam put your visiting list in madura s rare
209,air terjun hadap langsung laut view sunset nya indah cek ig
210,air terjun indah sejuk
211,lokasi tepi laut air sungai turun langsung laut baik air terjun sore
212,keren butuh bersih area nonton air terjun air tumbuh
213,tempat asyik ditepilaut
214,lumayan habis bebek sinjai jalan 2
215,bilang nya air terjun pulau madura
216,takjub banget air terjun temu langsung laut lepas air jernih manja mata wisatawan hadir
217,air terjun air terjun unik air terjun jatuh sungai air terjun toro air jatuh bibir laut pantai kondisi alami
218,view air terjun oke akses jalan utama fasilitas oke
219,tempat kelola moga
220,lokasi pencil minim papan tunjuk butuh google map nyasar akses jalan bagus pandang indah pas panas main
221,sdh kali bosan must visit place beautiful viewing
222,air terjun bangga masyarakat sampang masyarakat ketapang lokasi kembang kelola
223,lokasi spot alam tarik sayang kumuh kotor tugas perintah kelola
224,bagus banget spot foto instagram obyek bagus unik
225,tempat bagus cafee toilet
226,cocok refreshing hilang fikiran tenang akibat sibuk solusi pas
227,jebur sana wkwk
228,pandang indah sulit parkir dukung rekreasi pantai kiri kanan tambang pasir laut
229,akses mudah kesan sayang pesisir cuaca panas
230,tempa pas banjiiir sediiih bagus ngeri saran aja pas sore pas musim hujan ya lihat sunset air terjun pantai
231,indah nyaman saudara hayo kunjung biaya masuk parkir murah riah
232,asyik santa keluarga nikmat indah debur ombak gemericik air terjun
233,tetep suka banget
234,air terjun bagus keren banget cocok banget ngilangin penat
235,wana wisata suguh panorama pandang indah puas mata pandang pokok kecewa kunjung pulau madura mampir
236,baguus kelola masyarakat moga ramai
237,rekreasi madura pinggir laut air terjunya natural bagus keluarga
238,panorama bagus kreativitas tambah area pantai tambah fasilitas
239,suasana alam indah padu air terjun laut
240,wisata murah dg pandang indah
241,airterjun tepi laut jarang temu mudah jangkau jalan utama
242,air terjun warna hijau sunsetnya keren banget si
243,tempat nyaman indah pokok bikin kecewa
244,cocok ngadem
245,mantap
246,ngopi santai cocok
247,cocok istirahat ngopi tempat indah untu selfi
248,tarik suguh pandang air terjun pantai aktivitas masyarakat
249,air terjun alami banget tepi pantai mohon jaga asli kotor sampah
250,wisata air terjun tepi pantai sejuk siang suasana sejuk
251,lumayan renang
252,kenang simpan sana
253,panorama air terjun langsung laut takjub foto ria hati 2 musim hujan batu licin
254,air terjun bagus perhati luas rekreasi
255,bagus foto prewedding
256,rugi banget kuereeenn
257,lumayan
258,bagus duga
259,libur senang pasang keluarga meikmati air terjun indah
260,bagus langsung jorok laut
261,nya awat
262,indah jelang matahari benam
263,bagus asyik bebatuan duduk 2 main air foto 2an
264,parkir lokasi air terjun jalan sempit jubel
265,terang gratis pas masuk kena tarif tiket 10 000
266,wisata alam biar alami bangun bangun bikin rusak
267,ya maksimal kelola bagus sbg anugerah allah syukur
268,kuliner ikan bakar leseh mantap enak bukber mantap tempat
269,air terjun indah tepi laut bagus suka foto foto
270,air terjun nya bagus enak selfi pantai nya bagus suasana dukung
271,indah asri pandang laut segar air terjun langsung laut indah
272,tempat bagus
273,air terjun toro desa ketapang camat ketapang kabupaten sampang jl raya pantai utara sampang parkir motor mobil luas
274,lumayan refreshing turun tangga spotnya uras tenaga haha
275,puas view kalah bal
276,kenang natural jamah
277,nikmat indah alam pantai dah air terjun destinasi
278,suasana air terjun pulau garam madura camat ketapang kabupaten sampang jawa timur
279,senanng bahagia
280,air terjun 2nya madura asik sih pandang air terjun tepi pantai
281,datang pagi air laut pasang air bening karang
282,nya bagus
283,air terjun langsung pantai satu daerah madura destinasi wisata ckup langka
284,tempat indah bersih nikmat sunset pulau madura
285,kecewa pandang siang bagus pandang sunset sunraise
286,cakep banget sore pandang nya dukung
287,lokasi wisata perawan sentuh seniman depan
288,cocok refresing
289,puas layan parkir kena mahal
290,bagus lihat air terjun langsung laut keren
291,cantik eksotis air terjun air tawar langsung depan ombak pantai
292,keren air terjun langsung ribu laut jawa
293,bagus tempat pinter 2 ambil spot foto aja
294,kopi rempah nya enak
295,salah icon wisata ketapang sampang tempat nyaman santa
296,kembang mnjadi wisata pilih muda mud
297,mantap
298,nampak nelayan pancing tulis larang mandi air terjun
299,air terjun keren deket laut tinggal jaga
300,bagus tepi jalan raya sayang air kotor campur sampah cokelat
301,sangata unik tarik air terjun jumpa madura
302,air terjun langsung alir laut padu sunset indah
303,indah air terjun mengalirr beautyfull
304,cafe nya nikmat milir angin laut
305,alhandulillah pas september 2015 musim kemarau air jernih kondisi bersih
306,air terjun laut ciprat jatuh air sejuk
307,air terjun toro ketapang sampang madura bagus banget pandang nya
308,cinta alam cocok ya habis hujan harap hati hati
309,bagus place libur family yah rekomendasi wisata
310,pandang enak sejuk rasa
311,lumayan bagus
312,lumayan jln air terjun licin
313,pandang bagus makan enak
314,fasilitas parkir oke air kotor logistik
315,refreshing with orang 2 kantor keluarga
316,bagus kunjung
317,air terjun wilayah sampang madura langsung muara laut utara madura
318,bagus air terjun langsung turun pantai laut
319,kali air terjun langsung laut takjub
320,wisata rawat bersih cenderung saran pagi
321,bagus musim kemarau air bening
322,pandang air terjun toro bagus pakiranya luas senang
323,mantap kakak v
324,pandang takjub air terjun jatuh pantai
325,mudah jangkau bersih nyaman
326,bagus
327,bbrapa spot awat toilet 2
328,air terjun toro seruuu
329,awat fasilitas minim jarak toilet venue lumayan
330,bagus sejuk tempat
331,keren destinasi tiket masuk kuliner murah bangeeet
332,air terjun langsung ribu laut mantap deh pokok
333,pandang bagus air terjun tinggiii
334,suka wisata air terjun pantai coba sne
335,pas nyeremnya hujan batu jalan licin
336,sejuk nyaman wahana senang
337,natural indah waktu sunset sunrise musim kemarau
338,air terjun jalur pantura pinggir pantai
339,senang
340,pandang alam lumayan indah air terjun titi ketapang
341,musim hujan bagus air nya jerni
342,pandang bagus kena biaya masuk
343,indah air terjun batas langsung laut
344,air terjun indah air langsung laut lokasi ketapang sampang madura
345,tempat sejuk bagus tenang fikiran
346,air terjun nya kotor warna coklat
347,spot foto biar bosen
348,takjub place bagus tadabur alam mandi
349,indah pandang laut luas
350,laut pasang foto
351,indah
352,istirahat pandang alam indah
353,bagus tempat sejuk
354,nyaman enak
355,opening sampah sera
356,pandang hipnotis mata indah alam
357,sip
358,pandang pantai indah
359,suasana alam asri
360,obyek foto ciamik
361,wisata air terjun turoan
362,tuju wisata lumayan arah dg pantai nepah
363,bagus banget suka libur madura bareng keluarga
364,kelola sayang
365,bagus
366,bagus sih sarana dukung
367,destinasi wisata air terjun pinggir pantai utara kabupaten sampang
368,mantap
369,takjub
370,view selpie oke banget
371,lumayan
372,air kotor deras musim hujan
373,bagus
374,takjub air terjun jatuh langsung laut wonderful
375,air terjun tepi pantai indah
376,pandang pantai padu air terjun
377,pandang indah
378,bagus view photo langsung turun laut
379,lumayan e
380,view nya oke kotor awat
381,kereenn
382,pandang indah
383,objek wisata keren
384,damai suasana sejuk pandang
385,seruu
386,bagus bagus kelola bangun
387,bagus pandang nya
388,eksotik
389,alami bersih
390,bagus beri kenang indah lupa
391,air tarjun bagus suda sampai kesana
392,pandang laut bagus
393,musim hujan air kotor deras
394,mudah temu lokasi
395,sungguh indah air terjun
396,lumayan bagus
397,rekomendasi
398,ken air terjun gc tau nya
399,parkir mahal
400,mantap sejuk indah oke la pokok
401,beda air terjun
402,indah dari tuhan terimakasih moga jaga
403,air terjun indah
404,tmpatnya alami bagus hunting
405,lokasi mudah jangkau tiket masuk
406,air terjun air muara laut
407,sulit air terjun jatuh laut
408,tempat nyaman mudah jangkau
409,bagus bening air
410,air terjun tarik langsung pantai
411,panorama elok cocok rekreasi keluarga
412,teliti
413,air terjunx bagus indah langsung turun laut
414,bagus si awat
415,kotor bersih area jaga
416,lumayan keren
417,pergi kesana sana makan korban
418,wisata air terjun madura
419,terminal sampang arah air terjun tiru ya bantu
420,air terjun alami jernih jatuh laut
421,nya kotor sempit
422,tempat oke pencil mudah jangkau
423,keren
424,mantap
425,bagus gratis
426,luas laut
427,jalan raya tempat sempit
428,tmptnya lumayan oke view oke
429,mamtaap jooss rugi trip
430,
431,bagus place preweding
432,air terjun langsung laut lepas
433,indah
434,view nya bagus sunsetnya
435,oke banget
436,gilasih sunsetnyaa parah abiss ehe
437,akses air terjun enak
438,mantap
439,beda foto kotor
440,tata ulang tambah ajaib
441,rekomandasi libur
442,tempat bagus
443,bagus
444,pas air pasang bagus
445,murah riah kadang gratis
446,inti suka banget air terjun
447,air terjun indah
448,aja larang nyemplung renang
449,air nya dingin seger banget
450,bagus kadang air keruh
451,salah keren madura deket laut jalan aspal
452,sesuai
453,bagus indah masuk cuman 1000
454,bagus sejuk dingin
455,bagus maaf ambil foto
456,bagus sayang kerawat
457,bagus kecewa kesana
458,pandang keren mekanannya enak
459,lokasi lumayan indah
460,air bersih bagus banget
461,air bening suasana sejuk
462,pandang indah butuh sentuh tangan mang kuasa
463,toilet musholanya
464,air jernih banget
465,bagus recom
466,air terjun langsung laut
467,air terjun cocok short vacation
468,nya 2 nya air turjun madura
469,nyamuk
470,bagus
471,mantp air terjun pinggir pantai
472,bagus air terjun pantai
473,tempat bagus
474,tingkat pelihara
475,cari sunset
476,lumayan bagus
477,pandang air terjun bagus
478,air terjun langsung jatuh laut
479,parkir luas viewnya mantap
480,tempat bagus sehat
481,bintang lihat cennel youtube
482,tempatx indah akses kesana mudah
483,bengong
484,air terjun langsung pinggir pantai
485,wisata pantai bagus
486,bagus pandang
487,air terjun indah
488,air terjun indah
489,adem
490,air terjun padu laut
491,cakep 2
492,indanya pandang nya
493,bagus cma seram
494,lumayan tata
495,indah
496,lokasi aman sahabat
497,wisata murah riah
498,lumayan
499,alamiah banget pas suasana wekend
500,sungguh bagus banget
501,bagus sayang
502,bagus foto 2
503,sampah sera
504,garap bagus
505,kereeennn abiiizzz kesana
506,niagara kw
507,parkir mobil
508,indah
509,sentuh bersih
510,gelombang laut lumayan
511,moga kembang
512,bagus murah tiket nya
513,salah destinasi wisata sampang madura
514,alternatif wisata pantura
515,lumayan bersih nyaman
516,rugi keruh
517,bagus kecewa main kgesini
518,penasarannn nyampek kesana
519,adem
520,bagus spot foto
521,bersih tenang mudah jangkau
522,bagus udara seger
523,bagus pandang nya
524,kotor bersih tempat
525,air terjun toro mantap
526,bagus ber wisata
527,awat
528,wisata tetangga
529,indah sesal
530,bagus oke
531,tempat bersihdan rapi takjub
532,air bersih
533,bagus tempat
534,nyaman wisata
535,sejuk alami
536,lestari
537,bagus foto
538,keren pokok
539,lokasi dr jalan raya
540,temapatnya indah strategis
541,mobil masuk
542,senang
543,indah air terjun
544,mantap
545,tenang sepi
546,indah sprti gambar
547,suka pantai
548,akses mudah lokasi pinggir jln
549,suasanax indah senang
550,air terjun indah madura
551,sederhana natural exotic
552,lumayan
553,pngen ksana
554,keren cuy
555,view laut cantik
556,sayang pas banjir
557,akses mudah
558,madura sungguh indah sekaliy
559,parkir mahal
560,nya bagus
561,hibur dri sendri
562,unik cantik
563,sip indah kunjung
564,enak libur
565,nyaman sejuk
566,kumuh
567,bagus unik alami
568,
569,bagus
570,pandang bagus
571,bagus
572,obyek legendaris pantai utara madura
573,enak unt santai
574,air terjun beautiful
575,bagus
576,lumayan
577,unik seru
578,jangkau
579,rugi
580,tempat indah
581,senang teman sana
582,pandang ciamik
583,okey awat
584,tempat bagus
585,lumayan oke
586,kos
587,mantap
588,mantapsss
589,lumayan bagus
590,lumayan sempit
591,tempat kotor
592,suka
593,bagus
594,bagus
595,bagus
596,awat
597,indah
598,suka
599,
600,madura
601,kembang
602,bagus minim biaya
603,tempat bagus
604,air terjun indah
605,gada sih seru
606,bagus
607,temapat enak aman
608,tempat bagus
609,enak pentol
610,lumayan bagus
611,tempat menimbah ilmu
612,bagus
613,refresh
614,air indah
615,bayar
616,suasana bagus
617,keren pokok ma
618,keren
619,bagus
620,lumayan indah
621,pokok puas
622,indah adem hmm
623,sampah
624,desa penuh certa
625,indah pesona
626,sampah ganggu
627,jelek kotor
628,puas mantap
629,pandang indah
630,tenang
631,bagus
632,indah banget
633,bagus
634,bagus
635,bagus
636,bagus
637,bagus nindah
638,air terjun toro ketapang
639,cakep
640,segar
641,aja
642,butek
643,indah bagus
644,keren abiss cuyyy
645,senang
646,okey
647,kunjung
648,gitu tok
649,lumayan indah
650,indah
651,mantap
652,keren
653,indah
654,sip
655,mantap
656,indah seger waooow banget
657,masok
658,bagus bingit
659,bagus
660,lumayan indah
661,strategis indah
662,indah
663,bagus
664,alhamdulillah
665,favorit wanita
666,indah
667,indah
668,bagus
669,kecewa
670,indah
671,indah
672,strategis cantik
673,bagus
674,keren instagramable
675,
676,indah
677,bagus
678,indah
679,bagus
680,bagus
681,eksotik
682,murah
683,indah
684,jelek
685,sejuk
686,mantap
687,indah
688,alami
689,keren
690,indah
691,bagus
692,lumayan
693,bagus
694,sejuk
695,alami
696,bagus
697,bagus
698,waw
699,keren tempat
700,unik
701,mantap
702,angker
703,keren
704,mantap
705,tenang
706,seru banget
707,oky
708,indah banget
709,kesah
710,asyik
711,bagus
712,bagus
713,transfer
714,rumah
715,keren banget
716,pesona indonesia takjub
717,sip
718,sip
719,lumayan
720,madura keren
721,layak kunjung
722,buaguss banget
723,rekomendasi
724,sempurna
725,view mantap
726,kepingin kesana
727,seru banget
728,wisata alam
729,indah asri
730,a cool waterfall near beach not too crowded people aren t allowed bath in waterfall rocks are quite slippery gratis entry only pay for parking there s still lots of small animals hidup beach suka hermit crab little
731,several years ago first visited place was bagus everything made nature but today saw huge improvements that makes even better there even a cafe well done sampang
732,bagus view waterfall area was in main road access easy gratis entrance ticket but for car parking have pay 10 000 rupiah car access waterfall from parking area not too walking go down around
733,came here several times over past 5 years looks more developed clean food bagus ample safe parking service at restaurant was not friendly hidup recent visit
734,mini waterfall although need 3 4 hours get there from surabaya but worth got a bagus sunset view fresh water from waterfall waterfall itself falldown through sea have an clear view of water bagus one
735,such a peaceful beautiful place go here sunset which unfirtunately can not lihat sunset there went there in rainy season but taking picture here in blue hour also bagus spent a night here
736,sayang kerja
737,place visit suka location
738,toro waterfalls a tourist destination in sampang s located near of ketapang traditional market waterfalls close beach that water will flow sea place not rekomendasi for children there not sufficient area for playing prohibited swim here
739,unique waterfall water fall directly in sea beach biggest waterfall in madura we must carefull walking around beach near waterfall swim under waterfall
740,although a distance from surabaya here god damn around 100 kilometers but believe that worth at waterfall drop directly into sea unique but remember can t swim in there there a hole below waterfall
741,an adorable place which a bagus spot for relax take a picture access easy but road from bangkal area not in a bagus condition we must drive carefully but still must go place once before die
742,air terjun pinggir pantai bi
743,man made waterfalls s a diverted overflow from a nearby river sea ingenious though need walk down 50 steps stair there s a small area where people can enjoy waterfall
744,small waterfall but milik an easy access near public road panorama at sunset beautiful can go down below waterfall take some pictures but careful there are many rocks around there still s one of several popular waterfall in madura island s rekomendasi place visit re in madura
745,letak pinggir jalan musim hujan tangga becek licin
746,bagus interesting waterfall directly go sea problem alot of trash hidup sea rocks around waterfall beach cheap ebtry only 5 thousand go here please trashing hope people who work there can clean place not only asking for entry fee
747,small but beautiful people were bagus
748,super dissapointing everything isn t treated well many trashes are everywhere in floors water pretty brown dirty understand why peringkat 4 tho different with pics hidup google where
749,sungai alir laut
750,mereuen
751,s unique water drop into sea directly but a river used local pungent smell noticable
752,a bagus place rest are hidup a long trip
753,easy access quite clean area clear water waterfall right next seaside bagus place for photographs chill beach with running waterfall behind gratis only fee for parking available toilet bathroom mushola with praying equipment inside qur an mukena sarung etc
754,s a waterfall falling into sea not else lihat not particularly picturesque but interesting enough visit little warung at keren oke with decent food there are toilets available
755,adorable but place about 45 minutes from sampang city also a bit hard get here must use your own vehicle not really sure there a public transport get here
756,beautiful waterfall right at beach with sunset
757,unique thing waterfall directly poured into sea beach height about 9 meter easy access with lot of visitors during holiday
758,hidden mini waterfall beach can lihat two place in one
759,bagus spot for landscape photographer
760,long drive from bangkal with uneven surface dirty murky water not space take photos wasn t expecting that s actually worst than photos hidup google search would not recommend place for visit
761,bagus location fresh but hottest place
762,pandang indah anggap air terjun tanah turun laut air air terjun buang kotor dalam cemar menjagan
763,bagus banget sayang jalan curug rusak parah tolong baik
764,a bagus waterfall with a view of sea rekomendasi stopping are in madura close proximity main road large parking area
765,s oke s water falling into sea that s cool would better as a swimming area instead of a selfie point but for area s oke henti check for 30mins
766,one of photo spot in madura
767,beautiful waterfall
768,takjub place for landscape lover
769,place beautiful convenience
770,tampil tarik gambar indah olah gambar imajinasi butuh
771,little waterfall sea view
772,bagus scenery keren
773,s beautiful
774,visit madura arrived here quite bagus place but access go in a bit hard bc we stepped hidup a root
775,literally not suka m expected waterfall small we can t swim too too rekomendasi
776,beautiful waterfall fairly rare easy access with parking above
777,takjub place shot
778,hidden place worth quiet from crowds though s accessible any vehicles that s special
779,bagus view still natural need more manage
780,bagus place visit taking beautiful picture of waterfalls during sunset
781,beautiful water falls at beach
782,mini waterfall in north madura island
783,
784,bagus
785,oke
786,air yerjun toro sampang
787,river fall sea
788,niceee
789,bagus spot
790,bagus jgk ya payment danga bag
791,air jernih foto
792,milik a bagus view relief stress especially at sunset
793,sip
794,s oke for a bagus henti even for a tasty meal
795,sampah mana huhu kecewa
796,bagus scenery
797,silence environment really quite beautiful fresh air
798,kor cek settong deh
799,there s have a bagus place for your trip in island
800,beautifull view
801,landscape photography
802,one of sea waterfall in thr world
803,quite bagus place but need more improvement
804,need more facilities take bagus point of picture
805,bagus view sun in northern
806,bagus
807,bagus waterfall of freshwater into java sea
808,bagus place for hunting photo with wild inspiration
809,perfect place for photoshooting any surreal themes
810,bagus place visit rekomendasi
811,bagus waterfall
812,keren
813,beautiful waterfal
814,murni
815,rekomendasi place
816,
817,tingkat
818,excellent view sea front
819,beautiful wonder full beach
820,rekomendasi visit place are in madura
821,not took some pictures
822,cool beautiful place go
823,cantik kere
824,beautifull
825,
826,a bagus place for couples
827,bagus
828,te
829,bagus bagus
830,bagus natural waterfall
831,bagus suasana sejuk keren gayzz
832,benxk brit
833,
834,tempat menye
835,t takjub know
836,beautiful
837,sip
838,water fresh
839,joss
840,beautiful sun set
841,sanga
842,an ordinary pitstop
843,landscape photography
844,bagus
845,bagus
846,beautiful waterfall
847,baguus
848,oke
849,mantap
850,oke
851,hidden gem
852,seppp
853,oke
854,hebat
855,oke
856,woouuu
857,place
858,bagus
859,bagus
860,natural beauty
861,suka
862,takjub
863,sep
864,waterfall
865,cakeeep
866,bagus place
867,bagus place
868,serru buaaget
869,beautiful
870,bagus place
871,beautifulll
872,desa
873,magnificent
874,yoi
875,muaannntaaap
